Internal-SubCategory-SubCategory-SubCategory-SubCategory-Product,34
Internal-SubCategory-SubCategory-SubCategory-Product-Cart,10
Internal-SubCategory-SubCategory-Cart-Product-Product,1
Internal-Cart-Cart-SubCategory-Product-SubCategory,1
Internal-SubCategory-Product-Product-SubCategory-Product,2
Internal-Product-Cart-Cart-Product-Cart,1
Internal-Cart-SubCategory-SubCategory-SubCategory-Product,1
Internal-Product-Product-Product-Product-Product,4
Internal-Product-Product-SubCategory-SubCategory-SubCategory,1
Internal-SubCategory-SubCategory-Cart-SubCategory,1
Internal-Cart,6
Internal-SubCategory-SubCategory-Product-Cart-Product,3
Internal-Product-Product-Product-Product-Cart,2
Internal-Product-Cart-Cart-Cart-Checkout,1
Internal-Product-Cart-Cart-Product-Product,2
Internal-SubCategory-Product-Product-Cart-Product,2
Internal-Cart-SubCategory-SubCategory-SubCategory-SubCategory,2
Internal-SubCategory-Cart-SubCategory-SubCategory-Product,1
Internal-SubCategory-Product-SubCategory-Product-Product,1
Internal-SubCategory-Product-Cart-Cart,1
Internal-Checkout-SubCategory-Cart-Cart-SubCategory,1
Internal-SubCategory-Cart-Checkout-Cart-Checkout,1
Internal-SubCategory-Product-Product-SubCategory-SubCategory,3
Internal-SubCategory-SubCategory-Product-Cart-Checkout,5
Internal-SubCategory-SubCategory-Product-Product-Product,16
Internal-Product-Cart-Cart-Cart-Cart,1
Internal-SubCategory-Product-SubCategory-SubCategory-Product,2
Internal-SubCategory-Product-Product-Cart-Checkout,1
Internal-SubCategory-Cart-SubCategory-SubCategory-SubCategory,1
Internal-Product-Cart-Product,2
Internal-SubCategory-SubCategory-Product-Product-SubCategory,6
Internal-Cart-Cart-Checkout-Checkout-Checkout,1
Internal-Product-Product-Cart-Checkout-Checkout,1
Internal-Cart-Product-SubCategory-Product-Product,1
Internal-SubCategory-Product-SubCategory-Cart,2
Internal-SubCategory-Cart-SubCategory,1
Internal-SubCategory-Product-SubCategory-Product-Cart,3
Internal-SubCategory-Product-Cart-Checkout-Checkout,5
Internal-SubCategory-Product-Cart-Checkout-SubCategory,1
Internal-Product-Cart-Cart-SubCategory-SubCategory,1
Internal-SubCategory-SubCategory-Product-Cart-SubCategory,5
Internal-Product-Product-SubCategory-SubCategory-Product,2
Internal-Product-Product-Product-Cart-Product,2
Internal-SubCategory-Cart-Cart-SubCategory-Cart,1
Internal-SubCategory-SubCategory-Product-Cart-Cart,2
Internal-SubCategory-Product-SubCategory-SubCategory-SubCategory,10
Internal-Product-Product-Product-Cart-Checkout,1
Internal-Cart-Product-SubCategory,1
Internal-Product-SubCategory-Product-SubCategory-Product,1
Internal-SubCategory-Product-SubCategory-Product-SubCategory,6
Internal-SubCategory-Cart-Product-Cart-Cart,2
Internal-SubCategory-Product-Cart-SubCategory,1
Internal-Product-Product-Cart-Product-Cart,1
Internal-Product-Cart-Checkout,2
Internal-Cart-Cart-Cart-Cart-Cart,1
Internal-SubCategory-Cart-Product-Cart-Checkout,1
Internal-Checkout-Checkout-Cart,1
Internal-SubCategory-Cart-Product-Product-SubCategory,1
Internal-SubCategory-Product-Cart,4
Internal-SubCategory-Cart-Cart-SubCategory-SubCategory,1

